Modality,MDAE_AUROC,MDAE_Rank,Best_Method,Best_AUROC,Num_Methods
T1,0.6435935497283936,1,MDAE,0.6435935497283936,15
T2,0.6035836935043335,1,MDAE,0.6035836935043335,15
