Method,Test_AUROC,Test_AP,Test_F1,Test_Balanced_Accuracy
BrainIAC,0.8333333730697632,0.8770833015441895,0.7083333730697632,0.7083333730697632
ResNet-50,0.8333333730697632,0.8611111640930176,0.3636363744735718,0.5
MDAE,0.75,0.8187500238418579,0.3000000119209289,0.5
MAE,0.5833333730697632,0.663095235824585,0.3636363744735718,0.5
DinoV2,0.5,0.625595211982727,0.3636363744735718,0.5
BrainMVP,0.1666666567325592,0.420634925365448,0.3000000119209289,0.5
