Method,Test_AUROC,Test_AP,Test_F1,Test_Balanced_Accuracy
MDAE,0.8333333730697632,0.8770833015441895,0.3636363744735718,0.5
BrainMVP,0.6666666865348816,0.7096229791641235,0.3000000119209289,0.5
DinoV2,0.5833333730697632,0.651289701461792,0.5714285969734192,0.5833333730697632
BrainIAC,0.1666666567325592,0.420634925365448,0.3000000119209289,0.5
ResNet-50,0.1666666567325592,0.4261904656887054,0.3636363744735718,0.5
MRI-Core,0.0833333283662796,0.3942460417747497,0.3636363744735718,0.5
