Modality,MDAE_AUROC,MDAE_Rank,Best_Method,Best_AUROC,Num_Methods
T2,0.7016844153404236,1,MDAE (TC),0.7016844153404236,15
T1GD,0.6646720170974731,1,MDAE (TC),0.6646720170974731,15
T1,0.627437949180603,3,BrainIAC,0.7054521441459656,15
T2f,0.5842198133468628,4,DinoV2,0.6110372543334961,15
