Modality,MDAE_AUROC,MDAE_Rank,Best_Method,Best_AUROC,Num_Methods
T2,0.803174614906311,3,DinoV2,0.8563492298126221,15
T1c,0.7888889312744141,6,SwinUNETR,0.9095238447189332,15
T1,0.7079365253448486,3,DinoV2,0.7269841432571411,15
T2f,0.596825361251831,8,MRI-Core,0.8968254327774048,15
