Method,Test_AUROC,Test_AP,Test_F1,Test_Balanced_Accuracy
MAE,0.5692307353019714,0.6464384198188782,0.5566502809524536,0.5615384578704834
