Modality,MDAE_AUROC,MDAE_Rank,Best_Method,Best_AUROC,Num_Methods
T2f,0.9702702760696412,1,MDAE (TC),0.9702702760696412,15
T1N,0.9655405282974244,2,VoCo,0.9685810804367064,15
T1C,0.9648648500442504,2,VoCo,0.9760135412216188,15
T2,0.958783745765686,1,MDAE,0.958783745765686,15
