Modality,MDAE_AUROC,MDAE_Rank,Best_Method,Best_AUROC,Num_Methods
T2f,0.972565531730652,2,VoCo,0.975327730178833,15
T1C,0.9670880436897278,1,MDAE (TC),0.9670880436897278,15
T2,0.9660580158233644,1,MDAE,0.9660580158233644,15
T1N,0.9634363651275636,1,MDAE,0.9634363651275636,15
