Category,mean,std,count
Clinical Feature,0.8045881191889445,0.15241121664232266,3
Molecular Marker,0.6860515673955282,0.07362143018831374,3
Survival Prediction,0.6865474939346313,0.02902339489457005,5
Tumor Grade,0.803174614906311,,1
Tumor Type,0.9761202136675516,0.00822509580997397,3
