Modality,MDAE_AUROC,MDAE_Rank,Best_Method,Best_AUROC,Num_Methods
T2,0.8702127933502197,3,MG,0.8729482889175415,14
T1,0.8674771785736084,2,VoCo,0.8720364570617676,14
