Method,Test_AUROC,Test_AP,Test_F1,Test_Balanced_Accuracy
MRI-Core,0.8051947951316833,0.7780534029006958,0.2800000011920929,0.5
BrainIAC,0.7662338018417358,0.7431151866912842,0.3793103396892547,0.5
ResNet-50,0.5324675440788269,0.6244837045669556,0.3793103396892547,0.5
MAE,0.4415584206581116,0.4932278394699096,0.446153849363327,0.4805194735527038
DinoV2,0.4415584206581116,0.4998348951339721,0.3793103396892547,0.5
BrainMVP,0.350649356842041,0.4842397570610046,0.4109090864658356,0.4350649416446686
MDAE,0.2467532455921173,0.4111320376396179,0.2800000011920929,0.5
