Modality,MDAE_AUROC,MDAE_Rank,Best_Method,Best_AUROC,Num_Methods
T2,0.9131944179534912,3,SimCLR,0.9273726940155028,15
T2f,0.8676215410232544,3,DinoV2,0.8712384104728699,15
T1,0.8466434478759766,1,MDAE,0.8466434478759766,14
T1GD,0.8318865895271301,4,DinoV2,0.8686342239379883,14
