Modality,MDAE_AUROC,MDAE_Rank,Best_Method,Best_AUROC,Num_Methods
T2,0.6945797204971313,1,MDAE,0.6945797204971313,15
T1,0.6608244180679321,1,MDAE,0.6608244180679321,15
T2f,0.6431353092193604,1,MDAE,0.6431353092193604,15
T1GD,0.5665367841720581,6,VoCo,0.6506004333496094,15
