Modality,MDAE_AUROC,MDAE_Rank,Best_Method,Best_AUROC,Num_Methods
SWI,0.7710622549057007,2,DinoV2,0.7912087440490723,15
ASL,0.7539682388305664,8,VF,0.7967032790184021,15
