,flair,t1,t2
BrainIAC,0.1666666567325592,0.7662338018417358,0.8333333730697632
BrainMVP,0.6666666865348816,0.350649356842041,0.1666666567325592
DinoV2,0.5833333730697632,0.4415584206581116,0.5
MAE,,0.4415584206581116,0.5833333730697632
MDAE,0.8333333730697632,0.2467532455921173,0.75
MRI-Core,0.0833333283662796,0.8051947951316833,
ResNet-50,0.1666666567325592,0.5324675440788269,0.8333333730697632
