Modality,MDAE_AUROC,MDAE_Rank,Best_Method,Best_AUROC,Num_Methods
T2,0.6465212106704712,1,MDAE,0.6465212106704712,15
T2f,0.6173349022865295,2,VoCo,0.6736438274383545,15
T1GD,0.5933077931404114,1,MDAE (TC),0.5933077931404114,14
T1,0.5863797664642334,5,MAE,0.6680424213409424,15
