Modality,MDAE_AUROC,MDAE_Rank,Best_Method,Best_AUROC,Num_Methods
T1C,0.985524833202362,5,BrainIAC,0.9985828399658204,15
T2,0.9722137451171876,4,DinoV2,0.978945255279541,15
