Modality,MDAE_AUROC,MDAE_Rank,Best_Method,Best_AUROC,Num_Methods
T1GD,0.6303571462631226,1,MDAE (TC),0.6303571462631226,15
T2f,0.6013392806053162,1,MDAE,0.6013392806053162,15
