Modality,MDAE_AUROC,MDAE_Rank,Best_Method,Best_AUROC,Num_Methods
T2f,0.6434988975524902,2,BrainIAC,0.6511627435684204,15
T1WCE,0.5983086824417114,3,S3D,0.6062368154525757,15
T2,0.5961945056915283,1,MDAE (TC),0.5961945056915283,15
T1W,0.5893235206604004,1,MDAE (TC),0.5893235206604004,15
